{
  "priceScore": 0.628844877725777,
  "kcalScore": 0.6564812926420944,
  "co2Score": 1
}